timestamp,run_id,framework,scenario,operation,iteration,duration_ms,heap_used_mb,long_tasks_count,browser,browser_version,os,node_version,build_mode,commit_hash,notes
2026-02-23T05:05:06.389Z,run_1771822822804,dompp,counter,counter_burst,1,6.919,2.585,,chrome,unknown,win32,22.9.0,production,unknown,
2026-02-23T05:05:06.391Z,run_1771822822804,dompp,counter,counter_burst,2,6.915,3.167,,chrome,unknown,win32,22.9.0,production,unknown,
2026-02-23T05:05:06.392Z,run_1771822822804,dompp,counter,counter_burst,3,6.913,2.454,,chrome,unknown,win32,22.9.0,production,unknown,
2026-02-23T05:05:06.392Z,run_1771822822804,dompp,counter,counter_burst,4,6.915,1.720,,chrome,unknown,win32,22.9.0,production,unknown,
2026-02-23T05:05:06.392Z,run_1771822822804,dompp,counter,counter_burst,5,6.920,2.161,,chrome,unknown,win32,22.9.0,production,unknown,
2026-02-23T05:05:06.394Z,run_1771822822804,dompp,counter,counter_burst,6,6.918,2.753,,chrome,unknown,win32,22.9.0,production,unknown,
2026-02-23T05:05:06.394Z,run_1771822822804,dompp,counter,counter_burst,7,6.918,2.550,,chrome,unknown,win32,22.9.0,production,unknown,
2026-02-23T05:05:06.394Z,run_1771822822804,dompp,counter,counter_burst,8,6.918,1.743,,chrome,unknown,win32,22.9.0,production,unknown,
2026-02-23T05:05:06.394Z,run_1771822822804,dompp,counter,counter_burst,9,6.920,2.173,,chrome,unknown,win32,22.9.0,production,unknown,
2026-02-23T05:05:06.395Z,run_1771822822804,dompp,counter,counter_burst,10,7.239,2.709,,chrome,unknown,win32,22.9.0,production,unknown,
2026-02-23T05:05:06.395Z,run_1771822822804,dompp,counter,counter_burst,11,6.916,2.539,,chrome,unknown,win32,22.9.0,production,unknown,
2026-02-23T05:05:06.395Z,run_1771822822804,dompp,counter,counter_burst,12,6.915,1.738,,chrome,unknown,win32,22.9.0,production,unknown,
2026-02-23T05:05:06.395Z,run_1771822822804,dompp,counter,counter_burst,13,6.914,2.164,,chrome,unknown,win32,22.9.0,production,unknown,
2026-02-23T05:05:06.395Z,run_1771822822804,dompp,counter,counter_burst,14,6.919,2.699,,chrome,unknown,win32,22.9.0,production,unknown,
2026-02-23T05:05:06.396Z,run_1771822822804,dompp,counter,counter_burst,15,6.934,2.544,,chrome,unknown,win32,22.9.0,production,unknown,
2026-02-23T05:05:06.396Z,run_1771822822804,dompp,counter,counter_burst,16,6.918,1.735,,chrome,unknown,win32,22.9.0,production,unknown,
2026-02-23T05:05:06.396Z,run_1771822822804,dompp,counter,counter_burst,17,6.919,2.168,,chrome,unknown,win32,22.9.0,production,unknown,
2026-02-23T05:05:06.396Z,run_1771822822804,dompp,counter,counter_burst,18,6.911,2.697,,chrome,unknown,win32,22.9.0,production,unknown,
2026-02-23T05:05:06.396Z,run_1771822822804,dompp,counter,counter_burst,19,6.919,2.548,,chrome,unknown,win32,22.9.0,production,unknown,
2026-02-23T05:05:06.396Z,run_1771822822804,dompp,counter,counter_burst,20,6.914,1.743,,chrome,unknown,win32,22.9.0,production,unknown,
2026-02-23T05:05:06.397Z,run_1771822822804,dompp,counter,counter_burst,21,6.910,2.180,,chrome,unknown,win32,22.9.0,production,unknown,
2026-02-23T05:05:06.397Z,run_1771822822804,dompp,counter,counter_burst,22,6.909,2.700,,chrome,unknown,win32,22.9.0,production,unknown,
2026-02-23T05:05:06.397Z,run_1771822822804,dompp,counter,counter_burst,23,6.916,2.532,,chrome,unknown,win32,22.9.0,production,unknown,
2026-02-23T05:05:06.397Z,run_1771822822804,dompp,counter,counter_burst,24,6.925,1.742,,chrome,unknown,win32,22.9.0,production,unknown,
2026-02-23T05:05:06.397Z,run_1771822822804,dompp,counter,counter_burst,25,6.914,2.172,,chrome,unknown,win32,22.9.0,production,unknown,
2026-02-23T05:05:06.397Z,run_1771822822804,dompp,counter,counter_burst,26,6.916,2.708,,chrome,unknown,win32,22.9.0,production,unknown,
2026-02-23T05:05:06.398Z,run_1771822822804,dompp,counter,counter_burst,27,6.916,2.553,,chrome,unknown,win32,22.9.0,production,unknown,
2026-02-23T05:05:06.398Z,run_1771822822804,dompp,counter,counter_burst,28,6.920,1.738,,chrome,unknown,win32,22.9.0,production,unknown,
2026-02-23T05:05:06.398Z,run_1771822822804,dompp,counter,counter_burst,29,6.918,2.171,,chrome,unknown,win32,22.9.0,production,unknown,
2026-02-23T05:05:06.398Z,run_1771822822804,dompp,counter,counter_burst,30,6.918,2.698,,chrome,unknown,win32,22.9.0,production,unknown,
2026-02-23T05:09:49.228Z,run_1771822822804,dompp,counter-reconcile,counter_burst,1,6.910,3.566,,chrome,unknown,win32,22.9.0,production,unknown,
2026-02-23T05:09:49.228Z,run_1771822822804,dompp,counter-reconcile,counter_burst,2,6.913,5.338,,chrome,unknown,win32,22.9.0,production,unknown,
2026-02-23T05:09:49.229Z,run_1771822822804,dompp,counter-reconcile,counter_burst,3,6.918,7.156,,chrome,unknown,win32,22.9.0,production,unknown,
2026-02-23T05:09:49.229Z,run_1771822822804,dompp,counter-reconcile,counter_burst,4,6.913,5.706,,chrome,unknown,win32,22.9.0,production,unknown,
2026-02-23T05:09:49.229Z,run_1771822822804,dompp,counter-reconcile,counter_burst,5,6.915,3.338,,chrome,unknown,win32,22.9.0,production,unknown,
2026-02-23T05:09:49.229Z,run_1771822822804,dompp,counter-reconcile,counter_burst,6,6.908,5.490,,chrome,unknown,win32,22.9.0,production,unknown,
2026-02-23T05:09:49.229Z,run_1771822822804,dompp,counter-reconcile,counter_burst,7,6.919,6.855,,chrome,unknown,win32,22.9.0,production,unknown,
2026-02-23T05:09:49.229Z,run_1771822822804,dompp,counter-reconcile,counter_burst,8,6.913,6.800,,chrome,unknown,win32,22.9.0,production,unknown,
2026-02-23T05:09:49.230Z,run_1771822822804,dompp,counter-reconcile,counter_burst,9,6.909,3.093,,chrome,unknown,win32,22.9.0,production,unknown,
2026-02-23T05:09:49.230Z,run_1771822822804,dompp,counter-reconcile,counter_burst,10,6.920,4.890,,chrome,unknown,win32,22.9.0,production,unknown,
2026-02-23T05:09:49.230Z,run_1771822822804,dompp,counter-reconcile,counter_burst,11,6.919,6.737,,chrome,unknown,win32,22.9.0,production,unknown,
2026-02-23T05:09:49.230Z,run_1771822822804,dompp,counter-reconcile,counter_burst,12,6.910,6.275,,chrome,unknown,win32,22.9.0,production,unknown,
2026-02-23T05:09:49.230Z,run_1771822822804,dompp,counter-reconcile,counter_burst,13,6.923,3.219,,chrome,unknown,win32,22.9.0,production,unknown,
2026-02-23T05:09:49.230Z,run_1771822822804,dompp,counter-reconcile,counter_burst,14,6.918,5.264,,chrome,unknown,win32,22.9.0,production,unknown,
2026-02-23T05:09:49.230Z,run_1771822822804,dompp,counter-reconcile,counter_burst,15,6.913,6.707,,chrome,unknown,win32,22.9.0,production,unknown,
2026-02-23T05:09:49.231Z,run_1771822822804,dompp,counter-reconcile,counter_burst,16,6.910,6.338,,chrome,unknown,win32,22.9.0,production,unknown,
2026-02-23T05:09:49.231Z,run_1771822822804,dompp,counter-reconcile,counter_burst,17,6.907,3.081,,chrome,unknown,win32,22.9.0,production,unknown,
2026-02-23T05:09:49.231Z,run_1771822822804,dompp,counter-reconcile,counter_burst,18,6.913,4.892,,chrome,unknown,win32,22.9.0,production,unknown,
2026-02-23T05:09:49.231Z,run_1771822822804,dompp,counter-reconcile,counter_burst,19,6.916,6.706,,chrome,unknown,win32,22.9.0,production,unknown,
2026-02-23T05:09:49.231Z,run_1771822822804,dompp,counter-reconcile,counter_burst,20,6.914,6.252,,chrome,unknown,win32,22.9.0,production,unknown,
2026-02-23T05:09:49.231Z,run_1771822822804,dompp,counter-reconcile,counter_burst,21,6.917,3.212,,chrome,unknown,win32,22.9.0,production,unknown,
2026-02-23T05:09:49.232Z,run_1771822822804,dompp,counter-reconcile,counter_burst,22,6.915,5.252,,chrome,unknown,win32,22.9.0,production,unknown,
2026-02-23T05:09:49.232Z,run_1771822822804,dompp,counter-reconcile,counter_burst,23,6.915,6.729,,chrome,unknown,win32,22.9.0,production,unknown,
2026-02-23T05:09:49.232Z,run_1771822822804,dompp,counter-reconcile,counter_burst,24,6.913,6.343,,chrome,unknown,win32,22.9.0,production,unknown,
2026-02-23T05:09:49.232Z,run_1771822822804,dompp,counter-reconcile,counter_burst,25,6.913,3.087,,chrome,unknown,win32,22.9.0,production,unknown,
2026-02-23T05:09:49.232Z,run_1771822822804,dompp,counter-reconcile,counter_burst,26,6.915,4.886,,chrome,unknown,win32,22.9.0,production,unknown,
2026-02-23T05:09:49.233Z,run_1771822822804,dompp,counter-reconcile,counter_burst,27,6.914,6.744,,chrome,unknown,win32,22.9.0,production,unknown,
2026-02-23T05:09:49.233Z,run_1771822822804,dompp,counter-reconcile,counter_burst,28,6.907,6.284,,chrome,unknown,win32,22.9.0,production,unknown,
2026-02-23T05:09:49.233Z,run_1771822822804,dompp,counter-reconcile,counter_burst,29,6.915,3.224,,chrome,unknown,win32,22.9.0,production,unknown,
2026-02-23T05:09:49.233Z,run_1771822822804,dompp,counter-reconcile,counter_burst,30,6.918,5.264,,chrome,unknown,win32,22.9.0,production,unknown,
2026-02-23T05:14:31.837Z,run_1771822822804,dompp,counter-reconcile-no-match-by-id,counter_burst,1,6.915,3.794,,chrome,unknown,win32,22.9.0,production,unknown,
2026-02-23T05:14:31.925Z,run_1771822822804,dompp,counter-reconcile-no-match-by-id,counter_burst,2,6.918,2.763,,chrome,unknown,win32,22.9.0,production,unknown,
2026-02-23T05:14:31.925Z,run_1771822822804,dompp,counter-reconcile-no-match-by-id,counter_burst,3,6.908,3.477,,chrome,unknown,win32,22.9.0,production,unknown,
2026-02-23T05:14:31.926Z,run_1771822822804,dompp,counter-reconcile-no-match-by-id,counter_burst,4,6.906,4.122,,chrome,unknown,win32,22.9.0,production,unknown,
2026-02-23T05:14:31.926Z,run_1771822822804,dompp,counter-reconcile-no-match-by-id,counter_burst,5,6.910,3.927,,chrome,unknown,win32,22.9.0,production,unknown,
2026-02-23T05:14:31.932Z,run_1771822822804,dompp,counter-reconcile-no-match-by-id,counter_burst,6,6.917,2.754,,chrome,unknown,win32,22.9.0,production,unknown,
2026-02-23T05:14:31.932Z,run_1771822822804,dompp,counter-reconcile-no-match-by-id,counter_burst,7,6.909,3.443,,chrome,unknown,win32,22.9.0,production,unknown,
2026-02-23T05:14:31.933Z,run_1771822822804,dompp,counter-reconcile-no-match-by-id,counter_burst,8,6.917,4.154,,chrome,unknown,win32,22.9.0,production,unknown,
2026-02-23T05:14:31.933Z,run_1771822822804,dompp,counter-reconcile-no-match-by-id,counter_burst,9,6.908,3.980,,chrome,unknown,win32,22.9.0,production,unknown,
2026-02-23T05:14:31.933Z,run_1771822822804,dompp,counter-reconcile-no-match-by-id,counter_burst,10,6.910,2.762,,chrome,unknown,win32,22.9.0,production,unknown,
2026-02-23T05:14:31.933Z,run_1771822822804,dompp,counter-reconcile-no-match-by-id,counter_burst,11,6.921,3.433,,chrome,unknown,win32,22.9.0,production,unknown,
2026-02-23T05:14:31.933Z,run_1771822822804,dompp,counter-reconcile-no-match-by-id,counter_burst,12,6.916,4.144,,chrome,unknown,win32,22.9.0,production,unknown,
2026-02-23T05:14:31.933Z,run_1771822822804,dompp,counter-reconcile-no-match-by-id,counter_burst,13,6.918,3.938,,chrome,unknown,win32,22.9.0,production,unknown,
2026-02-23T05:14:31.934Z,run_1771822822804,dompp,counter-reconcile-no-match-by-id,counter_burst,14,6.913,2.756,,chrome,unknown,win32,22.9.0,production,unknown,
2026-02-23T05:14:31.934Z,run_1771822822804,dompp,counter-reconcile-no-match-by-id,counter_burst,15,6.914,3.434,,chrome,unknown,win32,22.9.0,production,unknown,
2026-02-23T05:14:31.935Z,run_1771822822804,dompp,counter-reconcile-no-match-by-id,counter_burst,16,6.910,4.150,,chrome,unknown,win32,22.9.0,production,unknown,
2026-02-23T05:14:31.935Z,run_1771822822804,dompp,counter-reconcile-no-match-by-id,counter_burst,17,6.918,3.942,,chrome,unknown,win32,22.9.0,production,unknown,
2026-02-23T05:14:31.935Z,run_1771822822804,dompp,counter-reconcile-no-match-by-id,counter_burst,18,6.916,2.762,,chrome,unknown,win32,22.9.0,production,unknown,
2026-02-23T05:14:31.935Z,run_1771822822804,dompp,counter-reconcile-no-match-by-id,counter_burst,19,6.919,3.433,,chrome,unknown,win32,22.9.0,production,unknown,
2026-02-23T05:14:31.936Z,run_1771822822804,dompp,counter-reconcile-no-match-by-id,counter_burst,20,6.913,4.147,,chrome,unknown,win32,22.9.0,production,unknown,
2026-02-23T05:14:31.936Z,run_1771822822804,dompp,counter-reconcile-no-match-by-id,counter_burst,21,6.918,3.965,,chrome,unknown,win32,22.9.0,production,unknown,
2026-02-23T05:14:31.936Z,run_1771822822804,dompp,counter-reconcile-no-match-by-id,counter_burst,22,6.914,2.764,,chrome,unknown,win32,22.9.0,production,unknown,
2026-02-23T05:14:31.936Z,run_1771822822804,dompp,counter-reconcile-no-match-by-id,counter_burst,23,6.924,3.441,,chrome,unknown,win32,22.9.0,production,unknown,
2026-02-23T05:14:31.936Z,run_1771822822804,dompp,counter-reconcile-no-match-by-id,counter_burst,24,6.917,4.141,,chrome,unknown,win32,22.9.0,production,unknown,
2026-02-23T05:14:31.936Z,run_1771822822804,dompp,counter-reconcile-no-match-by-id,counter_burst,25,6.916,3.982,,chrome,unknown,win32,22.9.0,production,unknown,
2026-02-23T05:14:31.937Z,run_1771822822804,dompp,counter-reconcile-no-match-by-id,counter_burst,26,6.919,2.766,,chrome,unknown,win32,22.9.0,production,unknown,
2026-02-23T05:14:31.937Z,run_1771822822804,dompp,counter-reconcile-no-match-by-id,counter_burst,27,6.920,3.444,,chrome,unknown,win32,22.9.0,production,unknown,
2026-02-23T05:14:31.937Z,run_1771822822804,dompp,counter-reconcile-no-match-by-id,counter_burst,28,6.917,4.145,,chrome,unknown,win32,22.9.0,production,unknown,
2026-02-23T05:14:31.937Z,run_1771822822804,dompp,counter-reconcile-no-match-by-id,counter_burst,29,6.916,3.969,,chrome,unknown,win32,22.9.0,production,unknown,
2026-02-23T05:14:31.937Z,run_1771822822804,dompp,counter-reconcile-no-match-by-id,counter_burst,30,6.915,2.768,,chrome,unknown,win32,22.9.0,production,unknown,
2026-02-23T05:15:19.551Z,run_1771822822804,dompp,ordered-list-keyed,list_add,1,6.722,8.223,,chrome,unknown,win32,22.9.0,production,unknown,
2026-02-23T05:15:19.551Z,run_1771822822804,dompp,ordered-list-keyed,list_add,2,6.794,8.947,,chrome,unknown,win32,22.9.0,production,unknown,
2026-02-23T05:15:19.551Z,run_1771822822804,dompp,ordered-list-keyed,list_add,3,6.804,9.734,,chrome,unknown,win32,22.9.0,production,unknown,
2026-02-23T05:15:19.552Z,run_1771822822804,dompp,ordered-list-keyed,list_add,4,6.804,10.140,,chrome,unknown,win32,22.9.0,production,unknown,
2026-02-23T05:15:19.552Z,run_1771822822804,dompp,ordered-list-keyed,list_add,5,6.772,11.213,,chrome,unknown,win32,22.9.0,production,unknown,
2026-02-23T05:15:19.552Z,run_1771822822804,dompp,ordered-list-keyed,list_add,6,6.760,11.412,,chrome,unknown,win32,22.9.0,production,unknown,
2026-02-23T05:15:19.880Z,run_1771822822804,dompp,ordered-list-keyed,list_add,7,6.716,12.955,,chrome,unknown,win32,22.9.0,production,unknown,
2026-02-23T05:15:19.881Z,run_1771822822804,dompp,ordered-list-keyed,list_add,8,6.808,13.743,,chrome,unknown,win32,22.9.0,production,unknown,
2026-02-23T05:15:19.882Z,run_1771822822804,dompp,ordered-list-keyed,list_add,9,6.704,14.553,,chrome,unknown,win32,22.9.0,production,unknown,
2026-02-23T05:15:19.883Z,run_1771822822804,dompp,ordered-list-keyed,list_add,10,6.716,15.381,,chrome,unknown,win32,22.9.0,production,unknown,
2026-02-23T05:15:19.884Z,run_1771822822804,dompp,ordered-list-keyed,list_add,11,6.688,15.459,,chrome,unknown,win32,22.9.0,production,unknown,
2026-02-23T05:15:19.885Z,run_1771822822804,dompp,ordered-list-keyed,list_add,12,6.680,16.744,,chrome,unknown,win32,22.9.0,production,unknown,
2026-02-23T05:15:19.885Z,run_1771822822804,dompp,ordered-list-keyed,list_add,13,6.812,17.608,,chrome,unknown,win32,22.9.0,production,unknown,
2026-02-23T05:15:19.886Z,run_1771822822804,dompp,ordered-list-keyed,list_add,14,6.768,18.014,,chrome,unknown,win32,22.9.0,production,unknown,
2026-02-23T05:15:19.886Z,run_1771822822804,dompp,ordered-list-keyed,list_add,15,6.760,18.112,,chrome,unknown,win32,22.9.0,production,unknown,
2026-02-23T05:15:19.886Z,run_1771822822804,dompp,ordered-list-keyed,list_add,16,6.728,19.371,,chrome,unknown,win32,22.9.0,production,unknown,
2026-02-23T05:15:19.886Z,run_1771822822804,dompp,ordered-list-keyed,list_add,17,6.784,20.734,,chrome,unknown,win32,22.9.0,production,unknown,
2026-02-23T05:15:19.886Z,run_1771822822804,dompp,ordered-list-keyed,list_add,18,6.748,23.330,,chrome,unknown,win32,22.9.0,production,unknown,
2026-02-23T05:15:19.887Z,run_1771822822804,dompp,ordered-list-keyed,list_add,19,6.798,22.281,,chrome,unknown,win32,22.9.0,production,unknown,
2026-02-23T05:15:19.887Z,run_1771822822804,dompp,ordered-list-keyed,list_add,20,6.676,23.163,,chrome,unknown,win32,22.9.0,production,unknown,
2026-02-23T05:15:19.887Z,run_1771822822804,dompp,ordered-list-keyed,list_add,21,6.748,25.553,,chrome,unknown,win32,22.9.0,production,unknown,
2026-02-23T05:15:19.887Z,run_1771822822804,dompp,ordered-list-keyed,list_add,22,6.758,23.232,,chrome,unknown,win32,22.9.0,production,unknown,
2026-02-23T05:15:19.887Z,run_1771822822804,dompp,ordered-list-keyed,list_add,23,6.726,25.828,,chrome,unknown,win32,22.9.0,production,unknown,
2026-02-23T05:15:19.888Z,run_1771822822804,dompp,ordered-list-keyed,list_add,24,6.698,27.382,,chrome,unknown,win32,22.9.0,production,unknown,
2026-02-23T05:15:19.888Z,run_1771822822804,dompp,ordered-list-keyed,list_add,25,6.676,25.799,,chrome,unknown,win32,22.9.0,production,unknown,
2026-02-23T05:15:19.888Z,run_1771822822804,dompp,ordered-list-keyed,list_add,26,6.690,28.395,,chrome,unknown,win32,22.9.0,production,unknown,
2026-02-23T05:15:19.888Z,run_1771822822804,dompp,ordered-list-keyed,list_add,27,6.770,28.310,,chrome,unknown,win32,22.9.0,production,unknown,
2026-02-23T05:15:19.888Z,run_1771822822804,dompp,ordered-list-keyed,list_add,28,6.770,28.428,,chrome,unknown,win32,22.9.0,production,unknown,
2026-02-23T05:15:19.888Z,run_1771822822804,dompp,ordered-list-keyed,list_add,29,6.722,31.024,,chrome,unknown,win32,22.9.0,production,unknown,
2026-02-23T05:15:19.889Z,run_1771822822804,dompp,ordered-list-keyed,list_add,30,6.776,28.396,,chrome,unknown,win32,22.9.0,production,unknown,
2026-02-23T05:20:07.852Z,run_1771822822804,react,counter,counter_burst,1,6.912,5.238,,chrome,unknown,win32,22.9.0,production,unknown,
2026-02-23T05:20:07.852Z,run_1771822822804,react,counter,counter_burst,2,6.914,6.270,,chrome,unknown,win32,22.9.0,production,unknown,
2026-02-23T05:20:07.852Z,run_1771822822804,react,counter,counter_burst,3,6.924,7.499,,chrome,unknown,win32,22.9.0,production,unknown,
2026-02-23T05:20:07.852Z,run_1771822822804,react,counter,counter_burst,4,6.915,6.271,,chrome,unknown,win32,22.9.0,production,unknown,
2026-02-23T05:20:07.853Z,run_1771822822804,react,counter,counter_burst,5,6.909,4.649,,chrome,unknown,win32,22.9.0,production,unknown,
2026-02-23T05:20:07.853Z,run_1771822822804,react,counter,counter_burst,6,6.909,5.682,,chrome,unknown,win32,22.9.0,production,unknown,
2026-02-23T05:20:07.853Z,run_1771822822804,react,counter,counter_burst,7,6.908,6.719,,chrome,unknown,win32,22.9.0,production,unknown,
2026-02-23T05:20:07.853Z,run_1771822822804,react,counter,counter_burst,8,6.920,6.091,,chrome,unknown,win32,22.9.0,production,unknown,
2026-02-23T05:20:07.854Z,run_1771822822804,react,counter,counter_burst,9,6.910,4.653,,chrome,unknown,win32,22.9.0,production,unknown,
2026-02-23T05:20:07.854Z,run_1771822822804,react,counter,counter_burst,10,6.919,5.703,,chrome,unknown,win32,22.9.0,production,unknown,
2026-02-23T05:20:07.854Z,run_1771822822804,react,counter,counter_burst,11,6.915,6.730,,chrome,unknown,win32,22.9.0,production,unknown,
2026-02-23T05:20:07.854Z,run_1771822822804,react,counter,counter_burst,12,6.916,6.549,,chrome,unknown,win32,22.9.0,production,unknown,
2026-02-23T05:20:07.854Z,run_1771822822804,react,counter,counter_burst,13,6.920,4.613,,chrome,unknown,win32,22.9.0,production,unknown,
2026-02-23T05:20:07.855Z,run_1771822822804,react,counter,counter_burst,14,6.909,5.682,,chrome,unknown,win32,22.9.0,production,unknown,
2026-02-23T05:20:07.855Z,run_1771822822804,react,counter,counter_burst,15,6.906,6.725,,chrome,unknown,win32,22.9.0,production,unknown,
2026-02-23T05:20:07.855Z,run_1771822822804,react,counter,counter_burst,16,6.911,6.531,,chrome,unknown,win32,22.9.0,production,unknown,
2026-02-23T05:20:07.855Z,run_1771822822804,react,counter,counter_burst,17,6.910,4.600,,chrome,unknown,win32,22.9.0,production,unknown,
2026-02-23T05:20:07.855Z,run_1771822822804,react,counter,counter_burst,18,6.915,5.845,,chrome,unknown,win32,22.9.0,production,unknown,
2026-02-23T05:20:07.856Z,run_1771822822804,react,counter,counter_burst,19,6.917,6.710,,chrome,unknown,win32,22.9.0,production,unknown,
2026-02-23T05:20:07.856Z,run_1771822822804,react,counter,counter_burst,20,6.915,4.642,,chrome,unknown,win32,22.9.0,production,unknown,
2026-02-23T05:20:07.856Z,run_1771822822804,react,counter,counter_burst,21,6.919,4.683,,chrome,unknown,win32,22.9.0,production,unknown,
2026-02-23T05:20:07.856Z,run_1771822822804,react,counter,counter_burst,22,6.912,5.729,,chrome,unknown,win32,22.9.0,production,unknown,
2026-02-23T05:20:07.856Z,run_1771822822804,react,counter,counter_burst,23,6.913,6.759,,chrome,unknown,win32,22.9.0,production,unknown,
2026-02-23T05:20:07.856Z,run_1771822822804,react,counter,counter_burst,24,6.917,6.484,,chrome,unknown,win32,22.9.0,production,unknown,
2026-02-23T05:20:07.857Z,run_1771822822804,react,counter,counter_burst,25,6.908,4.600,,chrome,unknown,win32,22.9.0,production,unknown,
2026-02-23T05:20:07.857Z,run_1771822822804,react,counter,counter_burst,26,6.910,5.679,,chrome,unknown,win32,22.9.0,production,unknown,
2026-02-23T05:20:07.857Z,run_1771822822804,react,counter,counter_burst,27,6.917,6.705,,chrome,unknown,win32,22.9.0,production,unknown,
2026-02-23T05:20:07.857Z,run_1771822822804,react,counter,counter_burst,28,6.912,6.332,,chrome,unknown,win32,22.9.0,production,unknown,
2026-02-23T05:20:07.857Z,run_1771822822804,react,counter,counter_burst,29,6.919,4.121,,chrome,unknown,win32,22.9.0,production,unknown,
2026-02-23T05:20:07.857Z,run_1771822822804,react,counter,counter_burst,30,6.917,5.363,,chrome,unknown,win32,22.9.0,production,unknown,
2026-02-23T05:20:57.834Z,run_1771822822804,react,ordered-list-keyed,list_add,1,6.784,11.550,,chrome,unknown,win32,22.9.0,production,unknown,
2026-02-23T05:20:57.835Z,run_1771822822804,react,ordered-list-keyed,list_add,2,6.752,13.002,,chrome,unknown,win32,22.9.0,production,unknown,
2026-02-23T05:20:57.835Z,run_1771822822804,react,ordered-list-keyed,list_add,3,6.804,13.346,,chrome,unknown,win32,22.9.0,production,unknown,
2026-02-23T05:20:57.835Z,run_1771822822804,react,ordered-list-keyed,list_add,4,6.734,14.759,,chrome,unknown,win32,22.9.0,production,unknown,
2026-02-23T05:20:57.835Z,run_1771822822804,react,ordered-list-keyed,list_add,5,6.674,15.118,,chrome,unknown,win32,22.9.0,production,unknown,
2026-02-23T05:20:57.835Z,run_1771822822804,react,ordered-list-keyed,list_add,6,6.820,16.320,,chrome,unknown,win32,22.9.0,production,unknown,
2026-02-23T05:20:57.835Z,run_1771822822804,react,ordered-list-keyed,list_add,7,6.744,17.236,,chrome,unknown,win32,22.9.0,production,unknown,
2026-02-23T05:20:57.835Z,run_1771822822804,react,ordered-list-keyed,list_add,8,6.818,18.190,,chrome,unknown,win32,22.9.0,production,unknown,
2026-02-23T05:20:57.836Z,run_1771822822804,react,ordered-list-keyed,list_add,9,6.734,18.605,,chrome,unknown,win32,22.9.0,production,unknown,
2026-02-23T05:20:57.836Z,run_1771822822804,react,ordered-list-keyed,list_add,10,6.718,20.060,,chrome,unknown,win32,22.9.0,production,unknown,
2026-02-23T05:20:57.836Z,run_1771822822804,react,ordered-list-keyed,list_add,11,6.682,20.422,,chrome,unknown,win32,22.9.0,production,unknown,
2026-02-23T05:20:57.836Z,run_1771822822804,react,ordered-list-keyed,list_add,12,6.706,21.563,,chrome,unknown,win32,22.9.0,production,unknown,
2026-02-23T05:20:57.836Z,run_1771822822804,react,ordered-list-keyed,list_add,13,6.700,22.776,,chrome,unknown,win32,22.9.0,production,unknown,
2026-02-23T05:20:57.837Z,run_1771822822804,react,ordered-list-keyed,list_add,14,6.740,23.374,,chrome,unknown,win32,22.9.0,production,unknown,
2026-02-23T05:20:57.837Z,run_1771822822804,react,ordered-list-keyed,list_add,15,6.704,23.895,,chrome,unknown,win32,22.9.0,production,unknown,
2026-02-23T05:20:57.837Z,run_1771822822804,react,ordered-list-keyed,list_add,16,6.790,25.347,,chrome,unknown,win32,22.9.0,production,unknown,
2026-02-23T05:20:57.837Z,run_1771822822804,react,ordered-list-keyed,list_add,17,6.798,25.749,,chrome,unknown,win32,22.9.0,production,unknown,
2026-02-23T05:20:57.837Z,run_1771822822804,react,ordered-list-keyed,list_add,18,6.708,26.645,,chrome,unknown,win32,22.9.0,production,unknown,
2026-02-23T05:20:57.837Z,run_1771822822804,react,ordered-list-keyed,list_add,19,6.704,27.475,,chrome,unknown,win32,22.9.0,production,unknown,
2026-02-23T05:20:57.837Z,run_1771822822804,react,ordered-list-keyed,list_add,20,6.704,28.313,,chrome,unknown,win32,22.9.0,production,unknown,
2026-02-23T05:20:57.838Z,run_1771822822804,react,ordered-list-keyed,list_add,21,6.782,29.176,,chrome,unknown,win32,22.9.0,production,unknown,
2026-02-23T05:20:57.838Z,run_1771822822804,react,ordered-list-keyed,list_add,22,6.854,30.631,,chrome,unknown,win32,22.9.0,production,unknown,
2026-02-23T05:20:57.838Z,run_1771822822804,react,ordered-list-keyed,list_add,23,6.758,30.947,,chrome,unknown,win32,22.9.0,production,unknown,
2026-02-23T05:20:57.838Z,run_1771822822804,react,ordered-list-keyed,list_add,24,6.784,32.400,,chrome,unknown,win32,22.9.0,production,unknown,
2026-02-23T05:20:57.838Z,run_1771822822804,react,ordered-list-keyed,list_add,25,6.696,32.856,,chrome,unknown,win32,22.9.0,production,unknown,
2026-02-23T05:20:57.838Z,run_1771822822804,react,ordered-list-keyed,list_add,26,6.806,34.122,,chrome,unknown,win32,22.9.0,production,unknown,
2026-02-23T05:20:57.838Z,run_1771822822804,react,ordered-list-keyed,list_add,27,6.722,34.778,,chrome,unknown,win32,22.9.0,production,unknown,
2026-02-23T05:20:57.839Z,run_1771822822804,react,ordered-list-keyed,list_add,28,6.716,35.617,,chrome,unknown,win32,22.9.0,production,unknown,
2026-02-23T05:20:57.839Z,run_1771822822804,react,ordered-list-keyed,list_add,29,6.712,36.780,,chrome,unknown,win32,22.9.0,production,unknown,
2026-02-23T05:20:57.839Z,run_1771822822804,react,ordered-list-keyed,list_add,30,6.802,37.157,,chrome,unknown,win32,22.9.0,production,unknown,
2026-02-23T05:25:44.767Z,run_1771822822804,solid,counter,counter_burst,1,6.909,5.788,,chrome,unknown,win32,22.9.0,production,unknown,
2026-02-23T05:25:44.767Z,run_1771822822804,solid,counter,counter_burst,2,6.912,6.773,,chrome,unknown,win32,22.9.0,production,unknown,
2026-02-23T05:25:44.768Z,run_1771822822804,solid,counter,counter_burst,3,6.908,7.681,,chrome,unknown,win32,22.9.0,production,unknown,
2026-02-23T05:25:44.768Z,run_1771822822804,solid,counter,counter_burst,4,6.906,6.786,,chrome,unknown,win32,22.9.0,production,unknown,
2026-02-23T05:25:44.768Z,run_1771822822804,solid,counter,counter_burst,5,6.915,5.361,,chrome,unknown,win32,22.9.0,production,unknown,
2026-02-23T05:25:44.768Z,run_1771822822804,solid,counter,counter_burst,6,6.916,6.329,,chrome,unknown,win32,22.9.0,production,unknown,
2026-02-23T05:25:44.768Z,run_1771822822804,solid,counter,counter_burst,7,6.913,7.225,,chrome,unknown,win32,22.9.0,production,unknown,
2026-02-23T05:25:44.769Z,run_1771822822804,solid,counter,counter_burst,8,6.917,5.392,,chrome,unknown,win32,22.9.0,production,unknown,
2026-02-23T05:25:44.769Z,run_1771822822804,solid,counter,counter_burst,9,6.917,5.483,,chrome,unknown,win32,22.9.0,production,unknown,
2026-02-23T05:25:44.769Z,run_1771822822804,solid,counter,counter_burst,10,6.914,6.385,,chrome,unknown,win32,22.9.0,production,unknown,
2026-02-23T05:25:44.769Z,run_1771822822804,solid,counter,counter_burst,11,6.903,7.340,,chrome,unknown,win32,22.9.0,production,unknown,
2026-02-23T05:25:44.769Z,run_1771822822804,solid,counter,counter_burst,12,6.917,7.121,,chrome,unknown,win32,22.9.0,production,unknown,
2026-02-23T05:25:44.770Z,run_1771822822804,solid,counter,counter_burst,13,6.915,5.356,,chrome,unknown,win32,22.9.0,production,unknown,
2026-02-23T05:25:44.770Z,run_1771822822804,solid,counter,counter_burst,14,6.910,6.249,,chrome,unknown,win32,22.9.0,production,unknown,
2026-02-23T05:25:44.770Z,run_1771822822804,solid,counter,counter_burst,15,6.912,7.208,,chrome,unknown,win32,22.9.0,production,unknown,
2026-02-23T05:25:44.770Z,run_1771822822804,solid,counter,counter_burst,16,6.907,7.076,,chrome,unknown,win32,22.9.0,production,unknown,
2026-02-23T05:25:44.770Z,run_1771822822804,solid,counter,counter_burst,17,6.915,5.342,,chrome,unknown,win32,22.9.0,production,unknown,
2026-02-23T05:25:44.770Z,run_1771822822804,solid,counter,counter_burst,18,6.912,6.246,,chrome,unknown,win32,22.9.0,production,unknown,
2026-02-23T05:25:44.771Z,run_1771822822804,solid,counter,counter_burst,19,6.918,7.203,,chrome,unknown,win32,22.9.0,production,unknown,
2026-02-23T05:25:44.771Z,run_1771822822804,solid,counter,counter_burst,20,6.916,7.023,,chrome,unknown,win32,22.9.0,production,unknown,
2026-02-23T05:25:44.771Z,run_1771822822804,solid,counter,counter_burst,21,6.910,5.298,,chrome,unknown,win32,22.9.0,production,unknown,
2026-02-23T05:25:44.771Z,run_1771822822804,solid,counter,counter_burst,22,6.917,6.192,,chrome,unknown,win32,22.9.0,production,unknown,
2026-02-23T05:25:44.771Z,run_1771822822804,solid,counter,counter_burst,23,6.912,7.160,,chrome,unknown,win32,22.9.0,production,unknown,
2026-02-23T05:25:44.772Z,run_1771822822804,solid,counter,counter_burst,24,6.914,6.886,,chrome,unknown,win32,22.9.0,production,unknown,
2026-02-23T05:25:44.772Z,run_1771822822804,solid,counter,counter_burst,25,6.916,4.886,,chrome,unknown,win32,22.9.0,production,unknown,
2026-02-23T05:25:44.772Z,run_1771822822804,solid,counter,counter_burst,26,6.915,5.782,,chrome,unknown,win32,22.9.0,production,unknown,
2026-02-23T05:25:44.772Z,run_1771822822804,solid,counter,counter_burst,27,6.913,6.747,,chrome,unknown,win32,22.9.0,production,unknown,
2026-02-23T05:25:44.772Z,run_1771822822804,solid,counter,counter_burst,28,6.914,6.463,,chrome,unknown,win32,22.9.0,production,unknown,
2026-02-23T05:25:44.773Z,run_1771822822804,solid,counter,counter_burst,29,6.918,4.413,,chrome,unknown,win32,22.9.0,production,unknown,
2026-02-23T05:25:44.773Z,run_1771822822804,solid,counter,counter_burst,30,6.918,5.309,,chrome,unknown,win32,22.9.0,production,unknown,
2026-02-23T05:26:35.167Z,run_1771822822804,solid,ordered-list-keyed,list_add,1,7.550,9.811,,chrome,unknown,win32,22.9.0,production,unknown,
2026-02-23T05:26:35.167Z,run_1771822822804,solid,ordered-list-keyed,list_add,2,7.146,10.213,,chrome,unknown,win32,22.9.0,production,unknown,
2026-02-23T05:26:35.167Z,run_1771822822804,solid,ordered-list-keyed,list_add,3,7.544,10.873,,chrome,unknown,win32,22.9.0,production,unknown,
2026-02-23T05:26:35.168Z,run_1771822822804,solid,ordered-list-keyed,list_add,4,7.566,3.782,,chrome,unknown,win32,22.9.0,production,unknown,
2026-02-23T05:26:35.168Z,run_1771822822804,solid,ordered-list-keyed,list_add,5,8.210,3.767,,chrome,unknown,win32,22.9.0,production,unknown,
2026-02-23T05:26:35.168Z,run_1771822822804,solid,ordered-list-keyed,list_add,6,7.960,4.567,,chrome,unknown,win32,22.9.0,production,unknown,
2026-02-23T05:26:35.168Z,run_1771822822804,solid,ordered-list-keyed,list_add,7,7.798,4.998,,chrome,unknown,win32,22.9.0,production,unknown,
2026-02-23T05:26:35.168Z,run_1771822822804,solid,ordered-list-keyed,list_add,8,7.272,5.624,,chrome,unknown,win32,22.9.0,production,unknown,
2026-02-23T05:26:35.168Z,run_1771822822804,solid,ordered-list-keyed,list_add,9,7.880,6.088,,chrome,unknown,win32,22.9.0,production,unknown,
2026-02-23T05:26:35.169Z,run_1771822822804,solid,ordered-list-keyed,list_add,10,7.408,6.605,,chrome,unknown,win32,22.9.0,production,unknown,
2026-02-23T05:26:35.169Z,run_1771822822804,solid,ordered-list-keyed,list_add,11,7.896,7.284,,chrome,unknown,win32,22.9.0,production,unknown,
2026-02-23T05:26:35.169Z,run_1771822822804,solid,ordered-list-keyed,list_add,12,8.104,7.708,,chrome,unknown,win32,22.9.0,production,unknown,
2026-02-23T05:26:35.169Z,run_1771822822804,solid,ordered-list-keyed,list_add,13,7.644,8.339,,chrome,unknown,win32,22.9.0,production,unknown,
2026-02-23T05:26:35.169Z,run_1771822822804,solid,ordered-list-keyed,list_add,14,7.716,8.907,,chrome,unknown,win32,22.9.0,production,unknown,
2026-02-23T05:26:35.169Z,run_1771822822804,solid,ordered-list-keyed,list_add,15,7.330,9.323,,chrome,unknown,win32,22.9.0,production,unknown,
2026-02-23T05:26:35.170Z,run_1771822822804,solid,ordered-list-keyed,list_add,16,7.578,10.076,,chrome,unknown,win32,22.9.0,production,unknown,
2026-02-23T05:26:35.170Z,run_1771822822804,solid,ordered-list-keyed,list_add,17,7.916,10.531,,chrome,unknown,win32,22.9.0,production,unknown,
2026-02-23T05:26:35.170Z,run_1771822822804,solid,ordered-list-keyed,list_add,18,7.608,11.047,,chrome,unknown,win32,22.9.0,production,unknown,
2026-02-23T05:26:35.170Z,run_1771822822804,solid,ordered-list-keyed,list_add,19,7.170,11.725,,chrome,unknown,win32,22.9.0,production,unknown,
2026-02-23T05:26:35.170Z,run_1771822822804,solid,ordered-list-keyed,list_add,20,7.474,12.122,,chrome,unknown,win32,22.9.0,production,unknown,
2026-02-23T05:26:35.170Z,run_1771822822804,solid,ordered-list-keyed,list_add,21,7.296,12.757,,chrome,unknown,win32,22.9.0,production,unknown,
2026-02-23T05:26:35.171Z,run_1771822822804,solid,ordered-list-keyed,list_add,22,7.878,13.350,,chrome,unknown,win32,22.9.0,production,unknown,
2026-02-23T05:26:35.171Z,run_1771822822804,solid,ordered-list-keyed,list_add,23,7.824,13.740,,chrome,unknown,win32,22.9.0,production,unknown,
2026-02-23T05:26:35.171Z,run_1771822822804,solid,ordered-list-keyed,list_add,24,7.590,14.539,,chrome,unknown,win32,22.9.0,production,unknown,
2026-02-23T05:26:35.171Z,run_1771822822804,solid,ordered-list-keyed,list_add,25,7.900,15.339,,chrome,unknown,win32,22.9.0,production,unknown,
2026-02-23T05:26:35.171Z,run_1771822822804,solid,ordered-list-keyed,list_add,26,7.934,16.137,,chrome,unknown,win32,22.9.0,production,unknown,
2026-02-23T05:26:35.171Z,run_1771822822804,solid,ordered-list-keyed,list_add,27,7.652,14.287,,chrome,unknown,win32,22.9.0,production,unknown,
2026-02-23T05:26:35.171Z,run_1771822822804,solid,ordered-list-keyed,list_add,28,7.886,3.766,,chrome,unknown,win32,22.9.0,production,unknown,
2026-02-23T05:26:35.172Z,run_1771822822804,solid,ordered-list-keyed,list_add,29,7.606,4.567,,chrome,unknown,win32,22.9.0,production,unknown,
2026-02-23T05:26:35.172Z,run_1771822822804,solid,ordered-list-keyed,list_add,30,7.200,5.019,,chrome,unknown,win32,22.9.0,production,unknown,
2026-02-23T05:31:18.130Z,run_1771822822804,vue,counter,counter_burst,1,6.911,7.993,,chrome,unknown,win32,22.9.0,production,unknown,
2026-02-23T05:31:18.131Z,run_1771822822804,vue,counter,counter_burst,2,6.913,8.779,,chrome,unknown,win32,22.9.0,production,unknown,
2026-02-23T05:31:18.131Z,run_1771822822804,vue,counter,counter_burst,3,6.912,7.863,,chrome,unknown,win32,22.9.0,production,unknown,
2026-02-23T05:31:18.132Z,run_1771822822804,vue,counter,counter_burst,4,6.914,6.232,,chrome,unknown,win32,22.9.0,production,unknown,
2026-02-23T05:31:18.132Z,run_1771822822804,vue,counter,counter_burst,5,6.915,7.185,,chrome,unknown,win32,22.9.0,production,unknown,
2026-02-23T05:31:18.132Z,run_1771822822804,vue,counter,counter_burst,6,6.910,8.140,,chrome,unknown,win32,22.9.0,production,unknown,
2026-02-23T05:31:18.133Z,run_1771822822804,vue,counter,counter_burst,7,6.914,7.840,,chrome,unknown,win32,22.9.0,production,unknown,
2026-02-23T05:31:18.133Z,run_1771822822804,vue,counter,counter_burst,8,6.915,6.219,,chrome,unknown,win32,22.9.0,production,unknown,
2026-02-23T05:31:18.133Z,run_1771822822804,vue,counter,counter_burst,9,6.918,7.181,,chrome,unknown,win32,22.9.0,production,unknown,
2026-02-23T05:31:18.134Z,run_1771822822804,vue,counter,counter_burst,10,6.917,8.090,,chrome,unknown,win32,22.9.0,production,unknown,
2026-02-23T05:31:18.134Z,run_1771822822804,vue,counter,counter_burst,11,6.906,8.178,,chrome,unknown,win32,22.9.0,production,unknown,
2026-02-23T05:31:18.134Z,run_1771822822804,vue,counter,counter_burst,12,6.915,6.222,,chrome,unknown,win32,22.9.0,production,unknown,
2026-02-23T05:31:18.134Z,run_1771822822804,vue,counter,counter_burst,13,6.916,7.182,,chrome,unknown,win32,22.9.0,production,unknown,
2026-02-23T05:31:18.135Z,run_1771822822804,vue,counter,counter_burst,14,6.916,8.090,,chrome,unknown,win32,22.9.0,production,unknown,
2026-02-23T05:31:18.135Z,run_1771822822804,vue,counter,counter_burst,15,6.915,7.913,,chrome,unknown,win32,22.9.0,production,unknown,
2026-02-23T05:31:18.135Z,run_1771822822804,vue,counter,counter_burst,16,6.918,6.211,,chrome,unknown,win32,22.9.0,production,unknown,
2026-02-23T05:31:18.135Z,run_1771822822804,vue,counter,counter_burst,17,6.917,7.174,,chrome,unknown,win32,22.9.0,production,unknown,
2026-02-23T05:31:18.135Z,run_1771822822804,vue,counter,counter_burst,18,6.916,8.083,,chrome,unknown,win32,22.9.0,production,unknown,
2026-02-23T05:31:18.136Z,run_1771822822804,vue,counter,counter_burst,19,6.915,7.915,,chrome,unknown,win32,22.9.0,production,unknown,
2026-02-23T05:31:18.136Z,run_1771822822804,vue,counter,counter_burst,20,6.913,6.221,,chrome,unknown,win32,22.9.0,production,unknown,
2026-02-23T05:31:18.136Z,run_1771822822804,vue,counter,counter_burst,21,6.911,7.189,,chrome,unknown,win32,22.9.0,production,unknown,
2026-02-23T05:31:18.136Z,run_1771822822804,vue,counter,counter_burst,22,6.914,8.093,,chrome,unknown,win32,22.9.0,production,unknown,
2026-02-23T05:31:18.136Z,run_1771822822804,vue,counter,counter_burst,23,6.917,7.718,,chrome,unknown,win32,22.9.0,production,unknown,
2026-02-23T05:31:18.136Z,run_1771822822804,vue,counter,counter_burst,24,6.911,5.489,,chrome,unknown,win32,22.9.0,production,unknown,
2026-02-23T05:31:18.137Z,run_1771822822804,vue,counter,counter_burst,25,6.905,6.446,,chrome,unknown,win32,22.9.0,production,unknown,
2026-02-23T05:31:18.137Z,run_1771822822804,vue,counter,counter_burst,26,6.911,7.357,,chrome,unknown,win32,22.9.0,production,unknown,
2026-02-23T05:31:18.137Z,run_1771822822804,vue,counter,counter_burst,27,6.916,7.194,,chrome,unknown,win32,22.9.0,production,unknown,
2026-02-23T05:31:18.137Z,run_1771822822804,vue,counter,counter_burst,28,6.916,5.484,,chrome,unknown,win32,22.9.0,production,unknown,
2026-02-23T05:31:18.137Z,run_1771822822804,vue,counter,counter_burst,29,6.907,6.455,,chrome,unknown,win32,22.9.0,production,unknown,
2026-02-23T05:31:18.137Z,run_1771822822804,vue,counter,counter_burst,30,6.918,7.366,,chrome,unknown,win32,22.9.0,production,unknown,
2026-02-23T05:32:07.228Z,run_1771822822804,vue,ordered-list-keyed,list_add,1,6.810,14.894,,chrome,unknown,win32,22.9.0,production,unknown,
2026-02-23T05:32:07.228Z,run_1771822822804,vue,ordered-list-keyed,list_add,2,6.738,16.031,,chrome,unknown,win32,22.9.0,production,unknown,
2026-02-23T05:32:07.228Z,run_1771822822804,vue,ordered-list-keyed,list_add,3,6.696,17.356,,chrome,unknown,win32,22.9.0,production,unknown,
2026-02-23T05:32:07.229Z,run_1771822822804,vue,ordered-list-keyed,list_add,4,6.816,18.731,,chrome,unknown,win32,22.9.0,production,unknown,
2026-02-23T05:32:07.229Z,run_1771822822804,vue,ordered-list-keyed,list_add,5,6.802,19.657,,chrome,unknown,win32,22.9.0,production,unknown,
2026-02-23T05:32:07.229Z,run_1771822822804,vue,ordered-list-keyed,list_add,6,6.796,20.335,,chrome,unknown,win32,22.9.0,production,unknown,
2026-02-23T05:32:07.229Z,run_1771822822804,vue,ordered-list-keyed,list_add,7,6.758,23.145,,chrome,unknown,win32,22.9.0,production,unknown,
2026-02-23T05:32:07.229Z,run_1771822822804,vue,ordered-list-keyed,list_add,8,6.754,24.248,,chrome,unknown,win32,22.9.0,production,unknown,
2026-02-23T05:32:07.229Z,run_1771822822804,vue,ordered-list-keyed,list_add,9,6.768,24.022,,chrome,unknown,win32,22.9.0,production,unknown,
2026-02-23T05:32:07.229Z,run_1771822822804,vue,ordered-list-keyed,list_add,10,6.778,26.577,,chrome,unknown,win32,22.9.0,production,unknown,
2026-02-23T05:32:07.230Z,run_1771822822804,vue,ordered-list-keyed,list_add,11,6.752,25.298,,chrome,unknown,win32,22.9.0,production,unknown,
2026-02-23T05:32:07.230Z,run_1771822822804,vue,ordered-list-keyed,list_add,12,6.782,28.108,,chrome,unknown,win32,22.9.0,production,unknown,
2026-02-23T05:32:07.230Z,run_1771822822804,vue,ordered-list-keyed,list_add,13,6.774,28.642,,chrome,unknown,win32,22.9.0,production,unknown,
2026-02-23T05:32:07.230Z,run_1771822822804,vue,ordered-list-keyed,list_add,14,6.788,29.357,,chrome,unknown,win32,22.9.0,production,unknown,
2026-02-23T05:32:07.230Z,run_1771822822804,vue,ordered-list-keyed,list_add,15,6.792,31.300,,chrome,unknown,win32,22.9.0,production,unknown,
2026-02-23T05:32:07.230Z,run_1771822822804,vue,ordered-list-keyed,list_add,16,6.764,30.609,,chrome,unknown,win32,22.9.0,production,unknown,
2026-02-23T05:32:07.230Z,run_1771822822804,vue,ordered-list-keyed,list_add,17,6.796,33.426,,chrome,unknown,win32,22.9.0,production,unknown,
2026-02-23T05:32:07.231Z,run_1771822822804,vue,ordered-list-keyed,list_add,18,6.740,9.473,,chrome,unknown,win32,22.9.0,production,unknown,
2026-02-23T05:32:07.231Z,run_1771822822804,vue,ordered-list-keyed,list_add,19,6.704,7.209,,chrome,unknown,win32,22.9.0,production,unknown,
2026-02-23T05:32:07.231Z,run_1771822822804,vue,ordered-list-keyed,list_add,20,6.812,10.017,,chrome,unknown,win32,22.9.0,production,unknown,
2026-02-23T05:32:07.231Z,run_1771822822804,vue,ordered-list-keyed,list_add,21,6.816,12.826,,chrome,unknown,win32,22.9.0,production,unknown,
2026-02-23T05:32:07.231Z,run_1771822822804,vue,ordered-list-keyed,list_add,22,6.864,15.635,,chrome,unknown,win32,22.9.0,production,unknown,
2026-02-23T05:32:07.231Z,run_1771822822804,vue,ordered-list-keyed,list_add,23,6.796,18.027,,chrome,unknown,win32,22.9.0,production,unknown,
2026-02-23T05:32:07.232Z,run_1771822822804,vue,ordered-list-keyed,list_add,24,6.734,10.814,,chrome,unknown,win32,22.9.0,production,unknown,
2026-02-23T05:32:07.232Z,run_1771822822804,vue,ordered-list-keyed,list_add,25,6.796,13.637,,chrome,unknown,win32,22.9.0,production,unknown,
2026-02-23T05:32:07.232Z,run_1771822822804,vue,ordered-list-keyed,list_add,26,6.688,16.442,,chrome,unknown,win32,22.9.0,production,unknown,
2026-02-23T05:32:07.232Z,run_1771822822804,vue,ordered-list-keyed,list_add,27,6.742,19.257,,chrome,unknown,win32,22.9.0,production,unknown,
2026-02-23T05:32:07.232Z,run_1771822822804,vue,ordered-list-keyed,list_add,28,6.776,20.340,,chrome,unknown,win32,22.9.0,production,unknown,
2026-02-23T05:32:07.232Z,run_1771822822804,vue,ordered-list-keyed,list_add,29,6.774,16.270,,chrome,unknown,win32,22.9.0,production,unknown,
2026-02-23T05:32:07.233Z,run_1771822822804,vue,ordered-list-keyed,list_add,30,6.688,19.090,,chrome,unknown,win32,22.9.0,production,unknown,
